{"39.699262455897646,-76.08169555664064": 114.2576599121094, "39.699262455897646,-76.06547355651857": 113.4018936157227, "39.699262455897646,-76.0492515563965": 112.6026458740234, "39.699262455897646,-76.03302955627443": 134.4977569580078, "39.699262455897646,-76.01680755615236": 114.0179901123047, "39.699262455897646,-76.00058555603029": 108.3542175292969, "39.699262455897646,-75.98436355590822": 133.1683349609375, "39.699262455897646,-75.96814155578615": 113.5213623046875, "39.699262455897646,-75.95191955566408": 119.2505035400391, "39.699262455897646,-75.935697555542": 110.0564575195312, "39.699262455897646,-75.91947555541994": 119.7406234741211, "39.699262455897646,-75.90325355529787": 97.1861343383789, "39.699262455897646,-75.8870315551758": 68.65634155273438, "39.699262455897646,-75.87080955505373": 118.2932815551758, "39.699262455897646,-75.85458755493165": 93.0570068359375, "39.699262455897646,-75.83836555480958": 96.63878631591797, "39.699262455897646,-75.82214355468751": 77.26484680175781, "39.699262455897646,-75.80592155456544": 89.72850799560547, "39.699262455897646,-75.78969955444337": 55.50350570678711, "39.699262455897646,-75.7734775543213": 58.64645767211914, "39.699262455897646,-75.75725555419923": 41.09341049194336, "39.699262455897646,-75.74103355407716": 75.84111022949219, "39.699262455897646,-75.72481155395509": 42.10022735595703, "39.699262455897646,-75.70858955383302": 28.82341575622559, "39.699262455897646,-75.69236755371095": 10.89556694030762, "39.699262455897646,-75.67614555358888": 7.049909114837646, "39.699262455897646,-75.65992355346681": 6.973658561706543, "39.699262455897646,-75.64370155334474": 1.524570107460022, "39.699262455897646,-75.62747955322267": 1.149271845817566, "39.699262455897646,-75.6112575531006": 2.568015575408936, "39.699262455897646,-75.59503555297853": 6.285078048706055, "39.699262455897646,-75.57881355285646": 15.28750324249268, "39.68679485371804,-76.08169555664064": 130.3560333251953, "39.68679485371804,-76.06547355651857": 129.5030670166016, "39.68679485371804,-76.0492515563965": 128.3462677001953, "39.68679485371804,-76.03302955627443": 134.3078918457031, "39.68679485371804,-76.01680755615236": 117.4550323486328, "39.68679485371804,-76.00058555603029": 99.60526275634766, "39.68679485371804,-75.98436355590822": 120.5087356567383, "39.68679485371804,-75.96814155578615": 130.6024932861328, "39.68679485371804,-75.95191955566408": 111.2734756469727, "39.68679485371804,-75.935697555542": 121.526252746582, "39.68679485371804,-75.91947555541994": 94.19111633300781, "39.68679485371804,-75.90325355529787": 131.3135375976562, "39.68679485371804,-75.8870315551758": 120.7317047119141, "39.68679485371804,-75.87080955505373": 67.11479187011719, "39.68679485371804,-75.85458755493165": 86.92411041259766, "39.68679485371804,-75.83836555480958": 77.33012390136719, "39.68679485371804,-75.82214355468751": 60.53226852416992, "39.68679485371804,-75.80592155456544": 74.17333984375, "39.68679485371804,-75.78969955444337": 64.6947021484375, "39.68679485371804,-75.7734775543213": 51.0233039855957, "39.68679485371804,-75.75725555419923": 44.02276611328125, "39.68679485371804,-75.74103355407716": 32.40201187133789, "39.68679485371804,-75.72481155395509": 32.51337051391602, "39.68679485371804,-75.70858955383302": 28.87732124328613, "39.68679485371804,-75.69236755371095": 22.88442039489746, "39.68679485371804,-75.67614555358888": 25.33049583435059, "39.68679485371804,-75.65992355346681": 23.20370292663574, "39.68679485371804,-75.64370155334474": 27.29106330871582, "39.68679485371804,-75.62747955322267": 6.086338043212891, "39.68679485371804,-75.6112575531006": 7.656984329223633, "39.68679485371804,-75.59503555297853": 21.21526336669922, "39.68679485371804,-75.57881355285646": 11.62916564941406, "39.674327251538436,-76.08169555664064": 117.6449661254883, "39.674327251538436,-76.06547355651857": 124.0278930664062, "39.674327251538436,-76.0492515563965": 120.5223083496094, "39.674327251538436,-76.03302955627443": 123.5466232299805, "39.674327251538436,-76.01680755615236": 126.2589721679688, "39.674327251538436,-76.00058555603029": 121.0398406982422, "39.674327251538436,-75.98436355590822": 108.2118072509766, "39.674327251538436,-75.96814155578615": 111.2089920043945, "39.674327251538436,-75.95191955566408": 108.7389678955078, "39.674327251538436,-75.935697555542": 90.19087219238281, "39.674327251538436,-75.91947555541994": 103.0693511962891, "39.674327251538436,-75.90325355529787": 113.8988571166992, "39.674327251538436,-75.8870315551758": 95.11974334716797, "39.674327251538436,-75.87080955505373": 50.48558044433594, "39.674327251538436,-75.85458755493165": 69.82416534423828, "39.674327251538436,-75.83836555480958": 66.7301254272461, "39.674327251538436,-75.82214355468751": 70.7806625366211, "39.674327251538436,-75.80592155456544": 52.36719512939453, "39.674327251538436,-75.78969955444337": 41.81579208374023, "39.674327251538436,-75.7734775543213": 34.47127914428711, "39.674327251538436,-75.75725555419923": 36.61166000366211, "39.674327251538436,-75.74103355407716": 47.33243942260742, "39.674327251538436,-75.72481155395509": 25.71186828613281, "39.674327251538436,-75.70858955383302": 24.54107475280762, "39.674327251538436,-75.69236755371095": 20.96163177490234, "39.674327251538436,-75.67614555358888": 25.01889991760254, "39.674327251538436,-75.65992355346681": 11.69092273712158, "39.674327251538436,-75.64370155334474": 17.0323543548584, "39.674327251538436,-75.62747955322267": 17.62693977355957, "39.674327251538436,-75.6112575531006": 21.28962707519531, "39.674327251538436,-75.59503555297853": 21.25669479370117, "39.674327251538436,-75.57881355285646": 5.60443115234375, "39.66185964935883,-76.08169555664064": 101.1937637329102, "39.66185964935883,-76.06547355651857": 95.34630584716797, "39.66185964935883,-76.0492515563965": 109.7999267578125, "39.66185964935883,-76.03302955627443": 113.495361328125, "39.66185964935883,-76.01680755615236": 136.0885162353516, "39.66185964935883,-76.00058555603029": 127.8898162841797, "39.66185964935883,-75.98436355590822": 99.90239715576172, "39.66185964935883,-75.96814155578615": 96.1722640991211, "39.66185964935883,-75.95191955566408": 120.4186630249023, "39.66185964935883,-75.935697555542": 82.24475860595703, "39.66185964935883,-75.91947555541994": 101.682731628418, "39.66185964935883,-75.90325355529787": 108.7249221801758, "39.66185964935883,-75.8870315551758": 83.39974975585938, "39.66185964935883,-75.87080955505373": 67.49812316894531, "39.66185964935883,-75.85458755493165": 65.80683898925781, "39.66185964935883,-75.83836555480958": 44.00991821289062, "39.66185964935883,-75.82214355468751": 37.29146957397461, "39.66185964935883,-75.80592155456544": 50.42803192138672, "39.66185964935883,-75.78969955444337": 38.10176086425781, "39.66185964935883,-75.7734775543213": 31.0945930480957, "39.66185964935883,-75.75725555419923": 28.28354263305664, "39.66185964935883,-75.74103355407716": 26.12223815917969, "39.66185964935883,-75.72481155395509": 23.07910346984863, "39.66185964935883,-75.70858955383302": 37.8875617980957, "39.66185964935883,-75.69236755371095": 17.2926139831543, "39.66185964935883,-75.67614555358888": 14.43470764160156, "39.66185964935883,-75.65992355346681": 1.662161231040955, "39.66185964935883,-75.64370155334474": 24.05885696411133, "39.66185964935883,-75.62747955322267": 25.94973182678223, "39.66185964935883,-75.6112575531006": 13.51249885559082, "39.66185964935883,-75.59503555297853": 7.184352397918701, "39.66185964935883,-75.57881355285646": 5.09753942489624, "39.64939204717923,-76.08169555664064": 95.0940170288086, "39.64939204717923,-76.06547355651857": 112.1615524291992, "39.64939204717923,-76.0492515563965": 113.9633178710938, "39.64939204717923,-76.03302955627443": 111.3242034912109, "39.64939204717923,-76.01680755615236": 105.4340972900391, "39.64939204717923,-76.00058555603029": 123.3655700683594, "39.64939204717923,-75.98436355590822": 116.6004943847656,