{
    "38.977523,77.418781": {
        "elevation": 1176.482788085938,
        "winddir": 106.2,
        "windspeed": 6.5,
        "tempmin": 2.6,
        "tempmax": 10.5,
        "humidity": 28.7,
        "precip": 0.0
    }
}